Vendor Name,Vendor ID,Laptop Model Name,Laptop Model ID,Quoted Price (INR),Available Quantity,Delivery Time (Days),Specs Matching Score,Vendor Rating,Past Orders Count,Reliability Score,Vendor Email,Persona Role
Apex Retailers,V-816,Inspiron-1723,M-7252,148454,57,6,0.92,3.8,221,0.85,apex@traders.com,Office
Elite Vendors,V-380,MacBook-4457,M-4004,79870,15,3,0.94,4,230,0.88,elite@suppliers.com,Business
Carpenter PLC,V-108,ROG-9896,M-1118,75263,26,6,0.84,4.5,377,0.8,carpenter@retailers.com,Developer
Horizon Supplies,V-479,Inspiron-9368,M-4015,79707,74,5,0.89,3.7,262,0.88,horizon@systems.com,Gaming
Galaxy Traders,V-305,ThinkPad-3171,M-6316,92343,77,5,0.94,4.1,372,0.78,galaxy@vendor.com,Developer
Carpenter PLC,V-860,Pavilion-6757,M-1687,74119,58,5,0.84,4.1,416,0.82,carpenter@vendor.com,Gaming
Apex Retailers,V-715,ThinkPad-9122,M-5143,72216,76,5,0.86,4.4,308,0.81,apex@traders.com,Business
NovaTech Systems,V-986,MacBook-5167,M-8265,79968,50,5,0.81,4.1,295,0.89,novatech@supplies.com,Gaming
Horizon Supplies,V-119,Pavilion-1284,M-8416,125410,71,4,0.82,3.8,361,0.84,horizon@distributors.com,Student
Taylor-Myers,V-112,Pavilion-5284,M-3554,70559,41,5,0.8,4.8,381,0.8,taylor-myers@retailers.com,Student
Taylor-Myers,V-241,ROG-9825,M-2353,99898,74,4,0.81,4.3,454,0.78,taylor-myers@suppliers.com,Gaming
Elite Vendors,V-488,Inspiron-8885,M-6067,72823,98,6,0.9,4.1,379,0.81,elite@vendor.com,Business
Zenith Suppliers,V-687,ThinkPad-7949,M-4427,70484,56,3,0.95,4.4,306,0.89,zenith@suppliers.com,Gaming
Orion Technologies,V-117,Inspiron-6714,M-4248,66693,70,2,0.88,4.7,236,0.84,orion@retailers.com,Student
Taylor-Myers,V-548,ThinkPad-4889,M-3807,123582,94,4,0.89,4.3,237,0.81,taylor-myers@suppliers.com,Student
Carpenter PLC,V-892,MacBook-9738,M-1440,86340,99,7,0.9,4,332,0.8,carpenter@distributors.com,Office
NovaTech Systems,V-669,Pavilion-2097,M-4284,60409,16,3,0.92,4.8,234,0.9,novatech@traders.com,Student
NovaTech Systems,V-711,Inspiron-9072,M-8604,56390,58,3,0.86,4.7,462,0.89,novatech@vendor.com,Gaming
Taylor-Myers,V-430,ROG-3910,M-2628,141987,10,7,0.92,3.5,239,0.83,taylor-myers@suppliers.com,Student
Starline Distributors,V-557,ThinkPad-8778,M-4329,66711,20,6,0.87,4.7,325,0.89,starline@suppliers.com,Business
Elite Vendors,V-139,MacBook-2133,M-1380,90235,76,7,0.9,3.9,428,0.9,elite@systems.com,Developer
BrightTech Supplies,V-209,ROG-6623,M-9727,141540,73,3,0.83,4.8,248,0.87,brighttech@distributors.com,Business
NovaTech Systems,V-445,Inspiron-3903,M-7069,122543,95,2,0.84,4.5,333,0.83,novatech@supplies.com,Office
Zenith Suppliers,V-708,ROG-2449,M-6392,74055,60,5,0.86,4,235,0.78,zenith@retailers.com,Gaming
Zenith Suppliers,V-810,ThinkPad-8235,M-8947,107843,62,4,0.82,3.5,433,0.88,zenith@supplies.com,Office
Zenith Suppliers,V-523,MacBook-7430,M-9505,142966,13,7,0.8,3.8,233,0.79,zenith@systems.com,Office
Elite Vendors,V-866,MacBook-5723,M-2907,104462,73,7,0.91,4.4,269,0.89,elite@retailers.com,Business
Orion Technologies,V-128,ROG-7858,M-4244,96330,39,5,0.92,3.7,478,0.88,orion@traders.com,Developer
Apex Retailers,V-631,ThinkPad-2616,M-5092,122052,45,6,0.82,3.7,409,0.89,apex@systems.com,Student
BrightTech Supplies,V-177,MacBook-1922,M-9331,126262,100,6,0.88,4,499,0.84,brighttech@systems.com,Student
Carpenter PLC,V-675,ROG-8282,M-3843,97784,89,7,0.83,4.1,437,0.83,carpenter@systems.com,Office
Starline Distributors,V-415,MacBook-6158,M-5079,110625,87,4,0.81,4.2,273,0.85,starline@suppliers.com,Office
Starline Distributors,V-962,MacBook-3889,M-1882,113883,23,3,0.9,4.6,302,0.89,starline@systems.com,Developer
BrightTech Supplies,V-205,Pavilion-8565,M-3756,116728,46,5,0.95,3.5,333,0.81,brighttech@systems.com,Office
NovaTech Systems,V-534,Pavilion-1822,M-4724,99907,67,5,0.86,4.6,276,0.81,novatech@supplies.com,Student
Orion Technologies,V-293,MacBook-3283,M-9971,75442,23,7,0.84,4,343,0.85,orion@systems.com,Gaming
Galaxy Traders,V-313,ThinkPad-1409,M-5448,62098,44,2,0.81,4.3,429,0.83,galaxy@traders.com,Gaming
BrightTech Supplies,V-612,Inspiron-3706,M-6165,119320,85,6,0.9,4.2,292,0.83,brighttech@distributors.com,Office
Elite Vendors,V-884,ROG-1965,M-3885,88951,93,4,0.9,4.5,277,0.86,elite@retailers.com,Business
Taylor-Myers,V-548,MacBook-1900,M-3072,66647,98,3,0.81,3.8,289,0.85,taylor-myers@retailers.com,Student
Elite Vendors,V-542,ROG-3424,M-1356,110383,86,3,0.88,4,351,0.86,elite@supplies.com,Gaming
Horizon Supplies,V-751,Pavilion-5111,M-9043,133734,19,7,0.82,3.7,323,0.82,horizon@retailers.com,Office
Horizon Supplies,V-250,ThinkPad-5100,M-2135,145723,93,2,0.8,4.7,251,0.88,horizon@traders.com,Business
Elite Vendors,V-612,ThinkPad-5496,M-7689,91080,41,2,0.85,3.9,463,0.81,elite@retailers.com,Business
Taylor-Myers,V-364,ThinkPad-3652,M-5916,148209,83,6,0.88,4.3,455,0.9,taylor-myers@distributors.com,Business
Apex Retailers,V-488,MacBook-5816,M-9934,97211,82,7,0.94,4.4,227,0.82,apex@traders.com,Office
Apex Retailers,V-915,Pavilion-2502,M-3429,54512,39,5,0.9,4.4,482,0.84,apex@retailers.com,Office
Galaxy Traders,V-938,ROG-3009,M-3515,152129,18,5,0.93,4,276,0.87,galaxy@vendor.com,Business
NovaTech Systems,V-588,Pavilion-1496,M-4276,122390,22,2,0.82,3.6,307,0.83,novatech@retailers.com,Office
Zenith Suppliers,V-564,ThinkPad-2955,M-8939,105121,62,4,0.86,3.9,459,0.81,zenith@supplies.com,Office
Galaxy Traders,V-131,Pavilion-9955,M-2947,150568,62,2,0.88,4.1,361,0.79,galaxy@retailers.com,Developer
Elite Vendors,V-288,ROG-3061,M-2869,85794,26,2,0.86,4.9,360,0.85,elite@traders.com,Gaming
Galaxy Traders,V-759,ThinkPad-3749,M-1018,138094,94,5,0.88,4.4,310,0.8,galaxy@supplies.com,Student
Taylor-Myers,V-757,Inspiron-3328,M-3064,84859,80,2,0.88,4.8,347,0.8,taylor-myers@vendor.com,Gaming
NovaTech Systems,V-189,ROG-5779,M-5121,135592,60,7,0.83,4.3,308,0.78,novatech@traders.com,Developer
Zenith Suppliers,V-324,MacBook-7405,M-6297,145487,86,3,0.84,4.7,394,0.8,zenith@traders.com,Student
Apex Retailers,V-750,Pavilion-9679,M-2919,128998,40,2,0.88,4.5,229,0.89,apex@traders.com,Office
Horizon Supplies,V-739,Pavilion-1466,M-2142,123835,62,5,0.85,4.4,437,0.82,horizon@suppliers.com,Developer
Elite Vendors,V-137,ThinkPad-1735,M-6200,68725,31,5,0.87,4.7,335,0.87,elite@suppliers.com,Business
Starline Distributors,V-488,Inspiron-1389,M-9103,109159,27,4,0.87,4.4,332,0.88,starline@systems.com,Gaming
Starline Distributors,V-576,ROG-5796,M-5341,73289,86,7,0.9,4,252,0.86,starline@traders.com,Developer
Apex Retailers,V-901,MacBook-5322,M-6766,83206,29,3,0.89,4,434,0.79,apex@supplies.com,Office
Elite Vendors,V-675,Pavilion-8369,M-6946,95137,90,5,0.91,4.8,202,0.86,elite@vendor.com,Developer
Apex Retailers,V-319,ROG-4793,M-7295,91918,87,3,0.87,3.5,408,0.79,apex@systems.com,Student
Orion Technologies,V-965,MacBook-8170,M-8738,67436,82,2,0.86,4.6,207,0.87,orion@retailers.com,Developer
Orion Technologies,V-733,MacBook-3697,M-4099,97393,41,2,0.85,4.6,441,0.86,orion@distributors.com,Student
Galaxy Traders,V-113,Pavilion-5163,M-3966,100095,46,3,0.94,3.9,413,0.82,galaxy@retailers.com,Office
BrightTech Supplies,V-191,MacBook-5764,M-3749,117359,42,3,0.95,3.6,418,0.81,brighttech@distributors.com,Office
Taylor-Myers,V-702,Pavilion-1435,M-8541,132976,18,6,0.9,4.9,249,0.81,taylor-myers@systems.com,Business
Starline Distributors,V-955,Inspiron-1520,M-2626,130049,86,6,0.93,4.8,327,0.87,starline@distributors.com,Business
Apex Retailers,V-810,ThinkPad-3366,M-2632,125430,32,4,0.9,4.1,481,0.88,apex@systems.com,Student
Zenith Suppliers,V-234,ROG-9406,M-6016,103797,59,5,0.89,4.2,430,0.89,zenith@traders.com,Gaming
Galaxy Traders,V-364,Inspiron-9654,M-4236,65246,99,6,0.93,4.3,260,0.81,galaxy@supplies.com,Office
Taylor-Myers,V-938,ROG-5780,M-6944,70702,34,6,0.89,3.7,333,0.87,taylor-myers@distributors.com,Gaming
Carpenter PLC,V-423,ThinkPad-9660,M-1795,125929,21,6,0.88,3.7,448,0.86,carpenter@suppliers.com,Gaming
Zenith Suppliers,V-504,Inspiron-8690,M-1038,51626,50,3,0.93,3.7,473,0.79,zenith@retailers.com,Office
NovaTech Systems,V-112,Pavilion-3838,M-5884,61365,98,6,0.94,4.5,332,0.8,novatech@traders.com,Student
Starline Distributors,V-915,Inspiron-7783,M-7228,73836,23,6,0.86,4.2,304,0.85,starline@traders.com,Business
Zenith Suppliers,V-349,Inspiron-2692,M-3799,80653,52,4,0.8,4.9,396,0.85,zenith@suppliers.com,Office
NovaTech Systems,V-213,ROG-7587,M-6378,58543,11,5,0.87,3.8,500,0.83,novatech@systems.com,Office
Zenith Suppliers,V-270,ThinkPad-6982,M-1562,55914,61,3,0.83,4.9,356,0.88,zenith@traders.com,Office
Zenith Suppliers,V-511,Inspiron-7028,M-7960,82917,52,3,0.89,4.6,212,0.82,zenith@systems.com,Student
Starline Distributors,V-860,MacBook-4603,M-9761,78752,54,7,0.83,4.2,371,0.88,starline@retailers.com,Office
Horizon Supplies,V-817,ThinkPad-4566,M-7253,150797,23,2,0.87,3.9,237,0.88,horizon@supplies.com,Gaming
NovaTech Systems,V-124,MacBook-3828,M-1433,149104,43,3,0.89,4.1,353,0.82,novatech@retailers.com,Developer
Elite Vendors,V-563,ThinkPad-2787,M-2201,78485,54,5,0.93,4.3,353,0.8,elite@systems.com,Business
Zenith Suppliers,V-837,ThinkPad-7700,M-5297,111917,11,3,0.8,3.7,373,0.87,zenith@distributors.com,Business
Horizon Supplies,V-903,Inspiron-4102,M-9838,71176,84,5,0.85,4.3,449,0.79,horizon@systems.com,Student
NovaTech Systems,V-278,Pavilion-8248,M-6625,73644,91,7,0.95,4.7,367,0.84,novatech@retailers.com,Gaming
NovaTech Systems,V-483,Pavilion-6913,M-5569,62663,81,3,0.93,4,494,0.89,novatech@retailers.com,Gaming
Elite Vendors,V-911,ThinkPad-1408,M-2502,141510,20,4,0.87,4.3,477,0.85,elite@retailers.com,Developer
Zenith Suppliers,V-572,ThinkPad-2810,M-3972,73903,43,3,0.94,4.3,248,0.84,zenith@vendor.com,Gaming
Zenith Suppliers,V-633,Pavilion-1134,M-4783,135018,63,7,0.89,4.8,343,0.84,zenith@distributors.com,Developer
Orion Technologies,V-260,ROG-2524,M-2968,56087,96,6,0.83,4.3,201,0.83,orion@traders.com,Developer
Starline Distributors,V-711,Inspiron-4353,M-8922,51094,85,5,0.87,4.5,249,0.89,starline@systems.com,Business
Apex Retailers,V-879,ThinkPad-9431,M-6715,110180,99,7,0.86,4,205,0.86,apex@traders.com,Student
Elite Vendors,V-805,Inspiron-3268,M-8285,86738,100,2,0.95,3.6,484,0.89,elite@supplies.com,Business
Zenith Suppliers,V-696,Inspiron-6189,M-8462,96678,32,6,0.86,4.9,292,0.81,zenith@supplies.com,Student
Horizon Supplies,V-911,MacBook-4224,M-8616,121166,86,3,0.82,4.8,230,0.86,horizon@systems.com,Office
Orion Technologies,V-876,Inspiron-5237,M-6647,125852,35,5,0.81,4.3,384,0.85,orion@supplies.com,Student
Zenith Suppliers,V-835,ROG-1904,M-1961,49650,100,2,0.88,3.8,273,0.83,zenith@retailers.com,Student
Zenith Suppliers,V-153,ThinkPad-5659,M-5710,108970,80,2,0.86,4,255,0.82,zenith@suppliers.com,Student
NovaTech Systems,V-989,Inspiron-9194,M-9129,91355,62,5,0.85,3.5,441,0.82,novatech@supplies.com,Office
Apex Retailers,V-264,Inspiron-4648,M-9800,117417,81,2,0.9,4.2,419,0.85,apex@vendor.com,Office
Galaxy Traders,V-327,ROG-7117,M-6566,75119,62,2,0.85,4.2,239,0.86,galaxy@systems.com,Gaming
Orion Technologies,V-628,ROG-1037,M-3486,68031,89,3,0.87,4.7,307,0.81,orion@suppliers.com,Gaming
Orion Technologies,V-542,ROG-7568,M-9893,147463,34,7,0.89,3.5,278,0.82,orion@distributors.com,Gaming
Taylor-Myers,V-658,ROG-1681,M-8132,98017,62,6,0.85,4.5,237,0.81,taylor-myers@suppliers.com,Office
Elite Vendors,V-301,MacBook-6122,M-4216,122984,76,2,0.82,4.6,295,0.82,elite@retailers.com,Office
Carpenter PLC,V-662,ROG-7483,M-1602,97090,64,3,0.94,4.7,363,0.79,carpenter@retailers.com,Gaming
Horizon Supplies,V-764,ThinkPad-2320,M-2488,54577,23,4,0.9,4,254,0.9,horizon@systems.com,Developer
Orion Technologies,V-887,MacBook-2664,M-1314,96228,47,2,0.85,4.3,228,0.79,orion@systems.com,Office
NovaTech Systems,V-191,Pavilion-8686,M-3022,109075,56,2,0.91,4.2,229,0.9,novatech@distributors.com,Developer
Zenith Suppliers,V-904,ThinkPad-2771,M-9756,110133,18,4,0.93,3.8,498,0.8,zenith@traders.com,Student
BrightTech Supplies,V-153,ROG-7261,M-6666,108716,13,3,0.92,3.9,363,0.85,brighttech@distributors.com,Office
Starline Distributors,V-693,Pavilion-2349,M-8144,135143,28,2,0.81,4.5,281,0.88,starline@distributors.com,Developer
NovaTech Systems,V-712,MacBook-7408,M-4386,99138,59,3,0.82,4.2,384,0.81,novatech@systems.com,Gaming
Carpenter PLC,V-142,Pavilion-9793,M-5983,133281,68,3,0.85,4.9,309,0.85,carpenter@retailers.com,Office
Orion Technologies,V-839,Pavilion-5604,M-6745,108741,41,5,0.81,4.2,303,0.89,orion@distributors.com,Gaming
Zenith Suppliers,V-529,ThinkPad-9902,M-5721,115392,47,7,0.89,3.5,347,0.9,zenith@supplies.com,Developer
NovaTech Systems,V-489,ThinkPad-6941,M-1390,79237,24,6,0.83,3.5,230,0.83,novatech@suppliers.com,Developer
NovaTech Systems,V-201,ROG-3707,M-7775,55889,29,5,0.9,4.2,221,0.87,novatech@distributors.com,Student
Galaxy Traders,V-564,ThinkPad-9403,M-1245,85374,57,6,0.93,4.6,357,0.83,galaxy@suppliers.com,Student
Horizon Supplies,V-504,Pavilion-5251,M-6808,126225,64,6,0.91,4.8,278,0.8,horizon@retailers.com,Business
Horizon Supplies,V-756,Inspiron-3161,M-3022,135915,22,6,0.82,3.7,398,0.84,horizon@traders.com,Business
Elite Vendors,V-251,MacBook-1583,M-7316,56571,46,4,0.82,4.3,259,0.84,elite@distributors.com,Developer
Taylor-Myers,V-117,ThinkPad-7796,M-5007,128866,68,6,0.91,4.7,477,0.87,taylor-myers@systems.com,Gaming
Galaxy Traders,V-986,Pavilion-1515,M-5523,144663,73,5,0.95,4.4,219,0.8,galaxy@suppliers.com,Office
Elite Vendors,V-200,ROG-2584,M-2705,72248,52,3,0.84,4.6,491,0.83,elite@supplies.com,Developer
Orion Technologies,V-271,Inspiron-7180,M-5552,66284,54,6,0.91,3.7,231,0.81,orion@vendor.com,Gaming
Starline Distributors,V-609,ThinkPad-4623,M-6135,142960,23,6,0.86,3.8,393,0.87,starline@retailers.com,Student
NovaTech Systems,V-987,Inspiron-2249,M-8675,89233,27,6,0.87,4.5,387,0.82,novatech@supplies.com,Office
Zenith Suppliers,V-838,Pavilion-2161,M-8110,61832,61,5,0.93,4.4,268,0.84,zenith@retailers.com,Student
NovaTech Systems,V-651,ROG-3791,M-6896,77713,21,5,0.93,3.9,350,0.82,novatech@traders.com,Gaming
Galaxy Traders,V-871,MacBook-6603,M-5328,130529,37,6,0.88,4.8,368,0.79,galaxy@traders.com,Developer
Apex Retailers,V-764,ROG-8113,M-6949,81275,98,5,0.84,4.3,271,0.87,apex@systems.com,Business
Zenith Suppliers,V-835,Pavilion-6140,M-6831,121995,30,4,0.95,3.7,215,0.85,zenith@retailers.com,Office
Orion Technologies,V-968,Pavilion-6786,M-4065,65335,66,2,0.88,3.8,231,0.81,orion@systems.com,Student
BrightTech Supplies,V-651,Inspiron-5774,M-2972,120513,79,5,0.83,4.5,268,0.78,brighttech@retailers.com,Office
Apex Retailers,V-991,ThinkPad-1413,M-5712,86797,62,2,0.85,4.1,338,0.87,apex@supplies.com,Business
Galaxy Traders,V-785,ROG-1206,M-9508,66870,12,2,0.89,3.9,429,0.8,galaxy@suppliers.com,Developer
Orion Technologies,V-240,Inspiron-1475,M-3309,61307,72,2,0.83,3.7,240,0.9,orion@suppliers.com,Office
BrightTech Supplies,V-894,Inspiron-3645,M-5570,149054,44,3,0.94,4.6,410,0.79,brighttech@distributors.com,Office
Taylor-Myers,V-668,ROG-1978,M-5308,84277,26,4,0.89,4,458,0.83,taylor-myers@systems.com,Developer
Zenith Suppliers,V-740,Pavilion-5171,M-9186,121569,25,2,0.81,4.7,236,0.82,zenith@suppliers.com,Business
Horizon Supplies,V-845,ThinkPad-8054,M-6337,87501,46,3,0.82,4.6,460,0.82,horizon@supplies.com,Student
Horizon Supplies,V-990,ROG-3261,M-5165,150982,74,7,0.83,4.7,359,0.9,horizon@supplies.com,Developer
Elite Vendors,V-109,Pavilion-1311,M-7724,113297,68,3,0.92,4.8,488,0.85,elite@traders.com,Business
Galaxy Traders,V-503,ThinkPad-2481,M-6739,65165,58,6,0.81,3.9,293,0.88,galaxy@supplies.com,Gaming
BrightTech Supplies,V-199,Pavilion-9150,M-1782,67315,36,7,0.88,4.4,332,0.81,brighttech@traders.com,Business
NovaTech Systems,V-740,ThinkPad-9310,M-6325,135070,66,6,0.83,4.8,404,0.83,novatech@suppliers.com,Office
Carpenter PLC,V-497,MacBook-3254,M-3021,59673,80,3,0.91,3.5,321,0.81,carpenter@vendor.com,Business
Zenith Suppliers,V-723,Pavilion-7190,M-6304,54582,23,7,0.92,3.8,359,0.86,zenith@vendor.com,Gaming
Starline Distributors,V-826,Pavilion-1776,M-2243,145189,58,3,0.89,4.5,436,0.89,starline@systems.com,Developer
Zenith Suppliers,V-443,ROG-1867,M-6920,93036,59,5,0.9,4.8,239,0.87,zenith@traders.com,Gaming
Galaxy Traders,V-162,Pavilion-7773,M-1495,132113,38,7,0.9,4.8,458,0.87,galaxy@suppliers.com,Gaming
Apex Retailers,V-947,Inspiron-7476,M-5835,82549,62,7,0.8,4.1,460,0.78,apex@traders.com,Developer
Orion Technologies,V-795,ThinkPad-2645,M-6871,83033,28,4,0.91,4.7,480,0.85,orion@supplies.com,Gaming
Elite Vendors,V-579,ROG-8574,M-4485,116690,73,7,0.81,3.5,406,0.8,elite@systems.com,Student
Orion Technologies,V-160,ROG-9559,M-2775,96995,41,7,0.88,4.4,373,0.79,orion@traders.com,Developer
Carpenter PLC,V-679,ThinkPad-1069,M-5013,136713,100,3,0.87,4.1,497,0.81,carpenter@supplies.com,Student
Starline Distributors,V-401,Pavilion-8728,M-3936,80978,92,2,0.95,3.6,227,0.83,starline@distributors.com,Business
NovaTech Systems,V-638,ROG-6532,M-2409,135724,19,4,0.9,4,315,0.79,novatech@systems.com,Business
Apex Retailers,V-162,Inspiron-1561,M-7253,79516,22,7,0.89,4.7,233,0.9,apex@distributors.com,Office
Horizon Supplies,V-674,Inspiron-3960,M-4727,118171,22,6,0.82,4.7,446,0.84,horizon@suppliers.com,Student
Orion Technologies,V-615,MacBook-5331,M-8966,126299,50,3,0.84,4.1,358,0.81,orion@supplies.com,Developer
Horizon Supplies,V-210,ROG-4787,M-7350,104001,81,3,0.86,4.8,430,0.83,horizon@suppliers.com,Developer
Galaxy Traders,V-164,ThinkPad-4103,M-4442,116888,13,7,0.82,4.9,486,0.83,galaxy@vendor.com,Gaming
Zenith Suppliers,V-410,Inspiron-3819,M-6497,95792,63,3,0.81,3.8,366,0.83,zenith@distributors.com,Developer
Carpenter PLC,V-517,Inspiron-6283,M-3316,103399,66,4,0.84,4.4,410,0.84,carpenter@traders.com,Office
Zenith Suppliers,V-383,Pavilion-7215,M-1098,110490,72,5,0.9,3.6,449,0.82,zenith@vendor.com,Business
NovaTech Systems,V-576,ROG-5075,M-6889,117123,22,3,0.89,4.6,437,0.85,novatech@traders.com,Business
Starline Distributors,V-555,ROG-6107,M-2081,71155,87,6,0.89,4.3,396,0.8,starline@traders.com,Student
Elite Vendors,V-206,ROG-3674,M-3219,141427,93,3,0.87,4.6,357,0.87,elite@retailers.com,Developer
NovaTech Systems,V-629,ROG-3457,M-4187,71885,28,3,0.81,3.7,226,0.78,novatech@supplies.com,Developer
NovaTech Systems,V-857,Pavilion-2185,M-1415,113564,82,2,0.86,3.6,395,0.82,novatech@traders.com,Office
NovaTech Systems,V-224,MacBook-8196,M-1870,79410,92,3,0.93,3.7,425,0.8,novatech@retailers.com,Student
Galaxy Traders,V-724,ThinkPad-4648,M-6737,126693,93,3,0.88,4.3,339,0.8,galaxy@supplies.com,Office
Elite Vendors,V-282,ROG-2133,M-6288,109456,23,6,0.9,4.1,409,0.84,elite@traders.com,Student
Zenith Suppliers,V-595,Pavilion-6552,M-9027,142874,52,3,0.85,4.8,224,0.85,zenith@distributors.com,Gaming
Orion Technologies,V-214,Pavilion-2440,M-7118,88754,39,5,0.87,4.8,218,0.85,orion@systems.com,Office
Apex Retailers,V-962,Inspiron-8877,M-6457,64393,78,7,0.81,4.2,460,0.81,apex@systems.com,Office
NovaTech Systems,V-156,MacBook-3079,M-6136,115448,73,5,0.87,4.5,255,0.88,novatech@retailers.com,Developer
Elite Vendors,V-449,Pavilion-2219,M-2802,116992,60,7,0.92,4.2,200,0.81,elite@systems.com,Gaming
Galaxy Traders,V-542,ThinkPad-8182,M-2701,142458,100,4,0.85,3.5,465,0.87,galaxy@traders.com,Office
Carpenter PLC,V-947,MacBook-9926,M-1240,70254,96,2,0.88,3.8,364,0.88,carpenter@vendor.com,Student
BrightTech Supplies,V-461,Pavilion-3472,M-7208,54018,28,3,0.9,4.3,241,0.84,brighttech@distributors.com,Student
Horizon Supplies,V-545,Inspiron-1986,M-6440,97750,50,6,0.86,4.5,326,0.87,horizon@suppliers.com,Developer
Starline Distributors,V-144,Inspiron-7264,M-9967,64786,18,3,0.89,4.6,429,0.88,starline@supplies.com,Office
BrightTech Supplies,V-563,Pavilion-8426,M-5977,137812,28,4,0.9,4.8,363,0.88,brighttech@traders.com,Developer
Orion Technologies,V-622,Inspiron-6414,M-3056,56477,37,5,0.86,3.6,500,0.85,orion@supplies.com,Business
Galaxy Traders,V-383,MacBook-4287,M-4914,141606,31,4,0.82,4.4,295,0.87,galaxy@systems.com,Gaming
Carpenter PLC,V-910,MacBook-9607,M-9518,109844,72,4,0.89,4.8,451,0.78,carpenter@vendor.com,Developer
Taylor-Myers,V-760,ThinkPad-3152,M-1452,86334,64,6,0.84,4.7,237,0.9,taylor-myers@suppliers.com,Office
Orion Technologies,V-150,ROG-4943,M-6812,129731,19,3,0.89,4.1,218,0.89,orion@traders.com,Student
Taylor-Myers,V-790,Pavilion-1454,M-9792,57950,40,5,0.91,4.4,215,0.83,taylor-myers@suppliers.com,Student
Elite Vendors,V-140,MacBook-5614,M-2679,136650,62,3,0.91,4.2,424,0.8,elite@traders.com,Business
Orion Technologies,V-809,ThinkPad-2641,M-2775,64938,48,3,0.86,4.5,317,0.86,orion@systems.com,Developer
Apex Retailers,V-714,MacBook-1343,M-6267,126116,74,5,0.86,3.7,306,0.85,apex@supplies.com,Developer
Horizon Supplies,V-194,ThinkPad-9786,M-4677,118267,87,3,0.88,4.2,498,0.84,horizon@retailers.com,Gaming
Orion Technologies,V-680,Inspiron-3712,M-3929,86188,52,7,0.86,4.5,471,0.89,orion@traders.com,Student
Starline Distributors,V-193,MacBook-7806,M-5138,126629,42,5,0.87,3.6,362,0.79,starline@vendor.com,Business
Apex Retailers,V-224,MacBook-8219,M-3703,93446,39,3,0.81,3.8,456,0.87,apex@supplies.com,Student
Apex Retailers,V-262,Inspiron-6036,M-2816,103154,90,3,0.87,4.4,344,0.82,apex@traders.com,Office
NovaTech Systems,V-687,Inspiron-7549,M-5363,49577,30,5,0.87,4.6,391,0.8,novatech@retailers.com,Office
Orion Technologies,V-430,MacBook-8807,M-6500,142949,38,4,0.83,4.6,356,0.9,orion@traders.com,Developer
NovaTech Systems,V-449,Pavilion-2029,M-5710,79269,28,2,0.87,4.7,283,0.9,novatech@distributors.com,Student
Orion Technologies,V-751,MacBook-4944,M-3244,95981,47,2,0.83,4.7,462,0.82,orion@systems.com,Business
Orion Technologies,V-914,MacBook-3005,M-9094,97940,15,6,0.84,4.7,212,0.89,orion@retailers.com,Developer
Horizon Supplies,V-914,Inspiron-7119,M-2380,127928,77,7,0.86,4.8,239,0.83,horizon@systems.com,Business
Starline Distributors,V-879,Pavilion-8606,M-8067,120580,93,4,0.9,4.6,232,0.82,starline@distributors.com,Gaming
Orion Technologies,V-743,ROG-5527,M-2621,126891,62,5,0.9,4.4,418,0.88,orion@systems.com,Gaming
Galaxy Traders,V-452,Pavilion-8648,M-4466,59589,51,2,0.9,4.3,381,0.9,galaxy@distributors.com,Developer
Elite Vendors,V-295,Inspiron-3787,M-9070,97880,74,5,0.8,4.2,408,0.81,elite@distributors.com,Business
Apex Retailers,V-722,Inspiron-4495,M-7884,112064,65,3,0.81,4.1,276,0.88,apex@supplies.com,Gaming
Galaxy Traders,V-267,Inspiron-6754,M-9505,101431,52,6,0.9,4.9,230,0.84,galaxy@systems.com,Gaming
Starline Distributors,V-116,ROG-5718,M-8595,81704,84,3,0.88,4.5,321,0.86,starline@vendor.com,Student
Orion Technologies,V-554,Inspiron-2741,M-3072,63354,71,7,0.87,4.8,407,0.88,orion@traders.com,Office
Carpenter PLC,V-152,MacBook-1924,M-7995,115924,75,7,0.84,3.6,469,0.79,carpenter@traders.com,Student
Horizon Supplies,V-913,MacBook-8868,M-5803,67011,84,2,0.9,3.6,308,0.86,horizon@supplies.com,Student
Carpenter PLC,V-774,MacBook-3980,M-2623,80467,20,7,0.81,4.7,375,0.85,carpenter@systems.com,Office
BrightTech Supplies,V-317,ThinkPad-9987,M-2591,86201,11,5,0.85,4.3,430,0.86,brighttech@supplies.com,Student
Carpenter PLC,V-269,ROG-8580,M-1593,142750,53,2,0.86,3.8,484,0.86,carpenter@retailers.com,Business
Carpenter PLC,V-597,Pavilion-9517,M-8786,91091,20,2,0.9,4.1,258,0.78,carpenter@traders.com,Office
Elite Vendors,V-729,ROG-8706,M-6301,136461,14,6,0.89,3.5,496,0.84,elite@suppliers.com,Gaming
Orion Technologies,V-888,ThinkPad-2339,M-2435,125634,69,4,0.85,4.8,367,0.85,orion@traders.com,Office
Zenith Suppliers,V-981,MacBook-6554,M-6786,126225,14,6,0.91,4.5,433,0.89,zenith@systems.com,Office
Starline Distributors,V-118,Pavilion-5236,M-8035,75629,59,7,0.85,3.5,478,0.84,starline@vendor.com,Developer
Apex Retailers,V-547,ROG-9410,M-2293,132750,90,3,0.87,4.5,449,0.85,apex@suppliers.com,Office
Zenith Suppliers,V-894,ThinkPad-1801,M-4134,146013,38,3,0.91,4.1,270,0.79,zenith@suppliers.com,Office
Carpenter PLC,V-828,Inspiron-9419,M-7547,132977,88,6,0.84,4.4,210,0.81,carpenter@retailers.com,Developer
Starline Distributors,V-227,ThinkPad-2698,M-2516,66072,96,5,0.93,3.9,261,0.86,starline@suppliers.com,Gaming
BrightTech Supplies,V-466,MacBook-8660,M-1865,94781,12,2,0.93,4.8,215,0.83,brighttech@traders.com,Developer
Taylor-Myers,V-139,Pavilion-9182,M-7014,130488,14,7,0.94,3.8,392,0.79,taylor-myers@traders.com,Gaming
Elite Vendors,V-852,Inspiron-7087,M-5485,100605,40,2,0.87,4.5,344,0.82,elite@suppliers.com,Developer
Taylor-Myers,V-764,MacBook-6771,M-3876,49745,53,3,0.83,4.6,446,0.79,taylor-myers@traders.com,Developer
Elite Vendors,V-520,ROG-3615,M-8963,130422,80,2,0.86,4.3,388,0.83,elite@traders.com,Business
Zenith Suppliers,V-537,Pavilion-2190,M-4384,92438,36,3,0.81,4.7,347,0.82,zenith@suppliers.com,Student
Carpenter PLC,V-850,ThinkPad-6929,M-4336,115473,43,2,0.84,3.8,496,0.85,carpenter@systems.com,Office
Apex Retailers,V-799,ThinkPad-8966,M-4459,91661,58,7,0.85,3.5,439,0.84,apex@supplies.com,Student
Taylor-Myers,V-366,ThinkPad-7186,M-6920,75341,93,6,0.84,4.3,380,0.83,taylor-myers@suppliers.com,Business
Apex Retailers,V-350,Inspiron-4635,M-7397,67986,20,3,0.91,3.7,443,0.85,apex@vendor.com,Student
Elite Vendors,V-722,MacBook-8352,M-1344,99152,48,4,0.82,3.9,280,0.9,elite@distributors.com,Business
Horizon Supplies,V-595,ThinkPad-3642,M-3858,58726,64,4,0.85,4.3,423,0.84,horizon@systems.com,Business
Horizon Supplies,V-946,Pavilion-1723,M-6584,112120,84,2,0.81,4,394,0.88,horizon@retailers.com,Student
Taylor-Myers,V-834,MacBook-1277,M-7596,95438,100,5,0.81,3.8,237,0.79,taylor-myers@systems.com,Student
Horizon Supplies,V-145,ROG-5299,M-5187,105090,39,3,0.83,4.1,463,0.81,horizon@supplies.com,Student
Taylor-Myers,V-121,ThinkPad-4486,M-9540,128886,59,3,0.89,4,407,0.82,taylor-myers@systems.com,Student
Carpenter PLC,V-360,MacBook-1413,M-4505,141711,17,4,0.89,4.7,227,0.8,carpenter@distributors.com,Gaming
Apex Retailers,V-794,ThinkPad-1310,M-3935,116444,83,4,0.83,4.9,276,0.8,apex@vendor.com,Office
Apex Retailers,V-622,ROG-9329,M-5993,144508,75,3,0.89,4.7,222,0.87,apex@systems.com,Gaming
Galaxy Traders,V-249,ROG-4054,M-8246,90323,67,5,0.83,4.3,459,0.88,galaxy@suppliers.com,Student
BrightTech Supplies,V-968,MacBook-7587,M-4085,97895,26,2,0.88,4.6,266,0.78,brighttech@suppliers.com,Office
BrightTech Supplies,V-424,MacBook-2591,M-2953,146049,65,3,0.94,3.6,295,0.87,brighttech@supplies.com,Student
Carpenter PLC,V-350,ROG-3304,M-3631,109208,56,2,0.86,3.8,397,0.79,carpenter@suppliers.com,Gaming
Zenith Suppliers,V-637,Pavilion-7423,M-3559,135422,56,7,0.92,4.1,355,0.88,zenith@traders.com,Gaming
Horizon Supplies,V-881,ROG-6138,M-9206,101237,39,3,0.84,3.7,218,0.87,horizon@vendor.com,Office
Orion Technologies,V-944,MacBook-4872,M-6999,89940,40,7,0.85,4.3,256,0.87,orion@suppliers.com,Office
Horizon Supplies,V-277,Inspiron-3045,M-6049,106191,37,6,0.91,3.7,352,0.89,horizon@vendor.com,Student
Orion Technologies,V-256,Pavilion-9782,M-7450,49445,77,7,0.89,3.5,425,0.83,orion@suppliers.com,Office
Taylor-Myers,V-439,ROG-6435,M-9140,147504,74,7,0.94,4,413,0.86,taylor-myers@suppliers.com,Business
Taylor-Myers,V-649,MacBook-7388,M-6742,114236,12,5,0.89,4.9,398,0.79,taylor-myers@systems.com,Student
Starline Distributors,V-118,Inspiron-9541,M-2768,139536,14,5,0.91,4.6,345,0.83,starline@supplies.com,Office
Galaxy Traders,V-865,Inspiron-6510,M-3547,99380,50,5,0.89,4.3,256,0.89,galaxy@distributors.com,Office
NovaTech Systems,V-193,ThinkPad-3685,M-5403,98030,47,4,0.87,4.5,380,0.88,novatech@distributors.com,Business
Zenith Suppliers,V-161,MacBook-3883,M-2520,50515,63,5,0.87,4.1,497,0.8,zenith@retailers.com,Business
Starline Distributors,V-283,MacBook-8408,M-2929,105385,66,3,0.87,4.7,328,0.8,starline@suppliers.com,Developer
Taylor-Myers,V-465,MacBook-8036,M-5716,103858,18,2,0.85,4.1,338,0.83,taylor-myers@systems.com,Business
Taylor-Myers,V-960,MacBook-5087,M-8971,50180,96,2,0.85,4.8,206,0.8,taylor-myers@supplies.com,Student
Starline Distributors,V-664,Pavilion-4393,M-8612,113264,55,3,0.85,4.6,319,0.81,starline@suppliers.com,Office
BrightTech Supplies,V-662,ThinkPad-8613,M-9412,142460,91,2,0.92,3.6,497,0.81,brighttech@systems.com,Office
Apex Retailers,V-638,Pavilion-1767,M-3012,112072,57,4,0.83,4.1,284,0.84,apex@suppliers.com,Developer
BrightTech Supplies,V-613,ROG-7381,M-6397,149001,93,7,0.87,4.1,391,0.85,brighttech@suppliers.com,Gaming
Orion Technologies,V-762,ThinkPad-4436,M-9730,129506,57,3,0.81,4.2,280,0.87,orion@retailers.com,Business
Zenith Suppliers,V-347,Inspiron-6772,M-2896,91048,72,3,0.91,4.8,344,0.86,zenith@supplies.com,Student
Galaxy Traders,V-762,ROG-7222,M-9154,51006,18,5,0.88,3.8,406,0.83,galaxy@systems.com,Business
BrightTech Supplies,V-836,ROG-6037,M-6609,113444,71,3,0.85,4.6,366,0.83,brighttech@traders.com,Business
Horizon Supplies,V-191,Pavilion-8484,M-2703,133967,76,7,0.85,4.3,306,0.89,horizon@supplies.com,Gaming
Galaxy Traders,V-342,ThinkPad-3825,M-7302,127960,100,6,0.89,4.3,253,0.85,galaxy@systems.com,Student
Taylor-Myers,V-868,MacBook-5195,M-4488,95877,88,5,0.93,3.6,399,0.9,taylor-myers@vendor.com,Business
Galaxy Traders,V-785,Inspiron-2032,M-3807,147574,73,4,0.8,4,355,0.89,galaxy@retailers.com,Student
Horizon Supplies,V-633,ThinkPad-1541,M-9435,93766,96,4,0.81,3.6,455,0.81,horizon@distributors.com,Developer
Zenith Suppliers,V-550,ThinkPad-1074,M-8737,70948,38,5,0.88,3.8,270,0.81,zenith@vendor.com,Office
Elite Vendors,V-220,ThinkPad-5255,M-7271,92729,19,7,0.91,4.2,334,0.82,elite@vendor.com,Developer
Apex Retailers,V-852,MacBook-8835,M-3774,110250,94,3,0.95,4.5,406,0.83,apex@supplies.com,Developer
Carpenter PLC,V-984,ThinkPad-7648,M-7036,104497,94,2,0.83,3.8,451,0.84,carpenter@systems.com,Office
Orion Technologies,V-399,Pavilion-7538,M-9136,113043,84,6,0.83,4.1,381,0.86,orion@supplies.com,Office
Horizon Supplies,V-113,Inspiron-3718,M-4789,73996,51,7,0.92,3.9,405,0.79,horizon@suppliers.com,Student
Elite Vendors,V-689,ROG-3402,M-6938,113850,64,4,0.86,3.9,434,0.87,elite@suppliers.com,Student
Horizon Supplies,V-196,Inspiron-8255,M-5735,67244,13,6,0.9,3.7,390,0.79,horizon@retailers.com,Business
Apex Retailers,V-589,Inspiron-6246,M-6133,149271,100,4,0.83,4.4,435,0.88,apex@distributors.com,Office
Carpenter PLC,V-631,Inspiron-8360,M-1195,52160,14,2,0.9,3.9,343,0.84,carpenter@systems.com,Gaming
Elite Vendors,V-285,MacBook-8910,M-3127,66813,60,5,0.83,4.4,414,0.87,elite@suppliers.com,Business
Horizon Supplies,V-220,ROG-6202,M-2809,81836,35,4,0.92,4,304,0.89,horizon@traders.com,Student
Elite Vendors,V-493,MacBook-4947,M-2379,131081,49,4,0.87,3.9,372,0.89,elite@systems.com,Business
Carpenter PLC,V-699,Pavilion-5549,M-1677,112886,41,6,0.88,4.9,283,0.82,carpenter@vendor.com,Office
Carpenter PLC,V-498,ThinkPad-1480,M-2783,77796,36,6,0.8,3.6,230,0.82,carpenter@distributors.com,Gaming
Orion Technologies,V-993,MacBook-1787,M-8523,110421,57,4,0.82,4.2,480,0.85,orion@supplies.com,Gaming
Elite Vendors,V-424,ThinkPad-9590,M-2032,67903,69,6,0.81,4,412,0.89,elite@suppliers.com,Gaming
Galaxy Traders,V-204,Inspiron-5277,M-6275,79574,87,5,0.84,4.4,376,0.89,galaxy@suppliers.com,Business
NovaTech Systems,V-665,Pavilion-7331,M-8505,112575,71,3,0.86,4.7,285,0.84,novatech@traders.com,Gaming
Carpenter PLC,V-943,Inspiron-9916,M-6833,145120,60,7,0.83,4.5,366,0.8,carpenter@systems.com,Gaming
Zenith Suppliers,V-461,ThinkPad-1237,M-3801,121644,18,7,0.85,4.1,228,0.85,zenith@traders.com,Business
Apex Retailers,V-771,ROG-2917,M-3025,108904,86,5,0.9,4.5,207,0.89,apex@vendor.com,Student
Carpenter PLC,V-269,MacBook-5280,M-9974,128742,79,2,0.81,4.6,450,0.85,carpenter@systems.com,Gaming
Starline Distributors,V-795,Pavilion-9946,M-9425,114196,74,4,0.85,4.6,308,0.83,starline@suppliers.com,Student
NovaTech Systems,V-410,ThinkPad-5857,M-2671,68390,52,4,0.84,4,422,0.87,novatech@systems.com,Student
Galaxy Traders,V-332,ThinkPad-6364,M-4196,117486,28,2,0.89,4.5,410,0.8,galaxy@distributors.com,Office
Apex Retailers,V-842,ThinkPad-9054,M-4494,101228,84,5,0.88,3.6,453,0.87,apex@systems.com,Student
Taylor-Myers,V-122,ROG-6292,M-7592,143017,99,2,0.81,4.7,350,0.81,taylor-myers@vendor.com,Student
Starline Distributors,V-289,ROG-8040,M-4650,122710,52,5,0.89,3.6,321,0.87,starline@vendor.com,Business
Elite Vendors,V-448,Pavilion-2110,M-7626,126857,86,4,0.94,3.5,398,0.8,elite@distributors.com,Student
Zenith Suppliers,V-607,MacBook-8144,M-3229,100121,27,3,0.9,4.2,280,0.82,zenith@suppliers.com,Developer
Horizon Supplies,V-184,ThinkPad-6049,M-7076,64741,28,4,0.85,4.8,313,0.82,horizon@distributors.com,Office
Taylor-Myers,V-470,ROG-5665,M-8754,98683,37,7,0.91,4.9,300,0.86,taylor-myers@systems.com,Office
Taylor-Myers,V-500,ThinkPad-7828,M-5789,95812,78,5,0.9,3.8,283,0.86,taylor-myers@supplies.com,Business
Horizon Supplies,V-480,ROG-1907,M-9430,83861,26,7,0.89,3.9,305,0.78,horizon@systems.com,Office
Starline Distributors,V-463,MacBook-9315,M-1831,112203,78,6,0.9,4.3,493,0.83,starline@systems.com,Gaming
Galaxy Traders,V-700,Inspiron-8831,M-1066,126970,45,6,0.84,3.8,232,0.78,galaxy@retailers.com,Developer
Zenith Suppliers,V-537,Pavilion-1204,M-3337,140265,44,3,0.92,3.7,264,0.88,zenith@systems.com,Student
Horizon Supplies,V-590,MacBook-7749,M-2327,115823,87,2,0.92,4.4,305,0.86,horizon@distributors.com,Student
Horizon Supplies,V-549,MacBook-6010,M-4441,123090,98,5,0.87,3.8,456,0.8,horizon@distributors.com,Student
Taylor-Myers,V-628,Pavilion-5542,M-9540,139813,17,3,0.91,4.5,333,0.8,taylor-myers@retailers.com,Business
Horizon Supplies,V-560,MacBook-1533,M-8695,122993,78,3,0.89,4.6,385,0.88,horizon@traders.com,Student
Zenith Suppliers,V-899,ROG-6878,M-2003,121113,21,6,0.92,4.8,218,0.89,zenith@traders.com,Business
Elite Vendors,V-387,ROG-1380,M-9405,144092,80,5,0.86,4.5,220,0.84,elite@systems.com,Business
Starline Distributors,V-680,Inspiron-2334,M-1949,93595,12,4,0.83,3.6,290,0.87,starline@suppliers.com,Student
Carpenter PLC,V-470,Pavilion-7838,M-8619,131253,55,4,0.83,3.9,335,0.79,carpenter@vendor.com,Developer
NovaTech Systems,V-250,Inspiron-6842,M-6023,90033,14,2,0.89,4.9,436,0.85,novatech@traders.com,Office
Carpenter PLC,V-268,MacBook-2744,M-6716,79827,79,2,0.87,4,477,0.86,carpenter@retailers.com,Gaming
Starline Distributors,V-899,ThinkPad-1102,M-7452,99169,21,7,0.83,4.5,408,0.8,starline@systems.com,Student
BrightTech Supplies,V-254,Inspiron-9542,M-7183,109373,95,3,0.82,4.9,492,0.88,brighttech@suppliers.com,Developer
Horizon Supplies,V-499,Pavilion-5100,M-2987,121869,43,3,0.88,3.6,207,0.86,horizon@vendor.com,Gaming
Starline Distributors,V-431,ROG-9850,M-9989,56713,87,5,0.81,3.5,467,0.86,starline@systems.com,Gaming
BrightTech Supplies,V-352,ThinkPad-6787,M-5949,87257,44,4,0.92,3.7,399,0.88,brighttech@vendor.com,Student
Galaxy Traders,V-755,Pavilion-6484,M-9340,91996,55,6,0.87,4.4,460,0.83,galaxy@suppliers.com,Developer
Zenith Suppliers,V-576,ThinkPad-6254,M-2725,64152,80,3,0.84,3.6,256,0.87,zenith@systems.com,Student
Orion Technologies,V-844,Inspiron-4547,M-5565,104195,91,7,0.91,3.5,269,0.82,orion@supplies.com,Student
Taylor-Myers,V-638,Pavilion-2926,M-4081,61931,89,3,0.92,4.7,466,0.88,taylor-myers@suppliers.com,Student
Horizon Supplies,V-476,ThinkPad-7586,M-7746,66849,98,4,0.86,4.9,311,0.84,horizon@suppliers.com,Developer
Zenith Suppliers,V-480,Pavilion-4196,M-9626,147680,13,6,0.93,3.8,323,0.79,zenith@systems.com,Student
Taylor-Myers,V-646,ROG-8791,M-3150,109762,61,7,0.95,4.4,265,0.79,taylor-myers@retailers.com,Gaming
Zenith Suppliers,V-640,MacBook-5773,M-8409,123025,12,4,0.8,3.5,280,0.83,zenith@systems.com,Developer
Carpenter PLC,V-940,ROG-7763,M-8067,98066,73,2,0.95,3.6,321,0.88,carpenter@distributors.com,Gaming
Galaxy Traders,V-426,MacBook-8041,M-5360,94242,30,2,0.94,4.9,361,0.84,galaxy@distributors.com,Student
Galaxy Traders,V-254,Inspiron-6312,M-6308,110116,31,3,0.88,4.5,256,0.8,galaxy@distributors.com,Developer
Taylor-Myers,V-257,MacBook-9191,M-6766,66037,15,5,0.85,3.9,469,0.89,taylor-myers@traders.com,Office
Galaxy Traders,V-496,ROG-9576,M-2922,130417,13,7,0.84,3.9,293,0.86,galaxy@distributors.com,Business
Elite Vendors,V-250,Inspiron-3078,M-2838,58115,54,2,0.93,4.7,292,0.82,elite@retailers.com,Student
Carpenter PLC,V-666,MacBook-7890,M-2149,114494,42,5,0.88,4.6,344,0.8,carpenter@supplies.com,Student
Galaxy Traders,V-964,ROG-5796,M-8901,50388,23,3,0.83,4.1,500,0.89,galaxy@supplies.com,Developer
Carpenter PLC,V-596,Pavilion-1381,M-2394,120065,62,4,0.82,4.1,478,0.79,carpenter@distributors.com,Business
Elite Vendors,V-870,ThinkPad-9204,M-9457,105181,54,3,0.8,4.8,222,0.89,elite@systems.com,Student
NovaTech Systems,V-313,MacBook-7047,M-6886,84279,91,2,0.95,4.8,310,0.84,novatech@systems.com,Developer
Galaxy Traders,V-613,MacBook-3801,M-3107,125109,36,6,0.91,4.8,413,0.88,galaxy@traders.com,Business
Starline Distributors,V-410,MacBook-7417,M-5844,137123,42,6,0.86,4.6,291,0.85,starline@suppliers.com,Developer
Starline Distributors,V-231,ROG-1634,M-9997,121641,16,7,0.94,4.1,392,0.88,starline@traders.com,Office
Apex Retailers,V-360,Pavilion-4235,M-4591,67709,44,5,0.82,4.1,268,0.87,apex@systems.com,Gaming
Elite Vendors,V-987,Pavilion-6960,M-3426,101606,69,3,0.94,4.3,406,0.86,elite@traders.com,Business
Apex Retailers,V-264,ROG-9530,M-8576,129409,60,2,0.82,4.2,293,0.9,apex@traders.com,Business
Taylor-Myers,V-553,ROG-7305,M-4576,91654,66,3,0.94,4.3,240,0.8,taylor-myers@suppliers.com,Gaming
Zenith Suppliers,V-650,ThinkPad-7104,M-9515,73966,43,2,0.88,4.5,490,0.88,zenith@suppliers.com,Student
Zenith Suppliers,V-822,Inspiron-7721,M-3145,102358,58,6,0.93,4.2,440,0.88,zenith@systems.com,Business
Galaxy Traders,V-719,Inspiron-7957,M-7111,60740,43,2,0.91,4.8,417,0.78,galaxy@traders.com,Business
BrightTech Supplies,V-188,ROG-8568,M-9370,99212,41,3,0.81,4.1,301,0.87,brighttech@traders.com,Developer
NovaTech Systems,V-130,Inspiron-9073,M-3219,74958,29,6,0.94,4.9,276,0.78,novatech@traders.com,Gaming
Apex Retailers,V-168,ThinkPad-6933,M-1539,68490,45,3,0.91,3.6,244,0.84,apex@traders.com,Developer
Apex Retailers,V-720,Inspiron-5327,M-1570,126348,71,5,0.82,4.2,205,0.88,apex@supplies.com,Business
NovaTech Systems,V-372,Pavilion-2024,M-2107,102882,69,7,0.88,3.9,331,0.87,novatech@retailers.com,Office
Carpenter PLC,V-840,ROG-7333,M-2006,138066,78,3,0.82,4.6,321,0.78,carpenter@systems.com,Developer
Apex Retailers,V-286,MacBook-2934,M-5290,97573,79,3,0.9,4.7,417,0.89,apex@retailers.com,Office
NovaTech Systems,V-834,Inspiron-3253,M-2006,78114,45,4,0.88,3.7,277,0.8,novatech@suppliers.com,Developer
Zenith Suppliers,V-234,Inspiron-9640,M-4353,64944,51,5,0.9,3.8,400,0.89,zenith@traders.com,Developer
Carpenter PLC,V-454,ROG-1985,M-7587,77763,31,4,0.88,4.5,379,0.81,carpenter@systems.com,Student
NovaTech Systems,V-629,Inspiron-7389,M-7522,152464,27,6,0.91,4.9,232,0.87,novatech@systems.com,Gaming
Orion Technologies,V-902,ROG-6718,M-1879,100314,16,3,0.85,4.6,363,0.89,orion@suppliers.com,Gaming
Zenith Suppliers,V-645,ThinkPad-6044,M-1863,100983,26,3,0.85,3.9,215,0.83,zenith@retailers.com,Gaming
Zenith Suppliers,V-886,Inspiron-2837,M-7842,89684,78,3,0.87,4.4,453,0.89,zenith@retailers.com,Office
NovaTech Systems,V-544,ThinkPad-4801,M-2231,61828,41,7,0.84,4.5,378,0.88,novatech@traders.com,Office
Horizon Supplies,V-559,MacBook-9040,M-4441,58175,65,4,0.93,4.8,246,0.9,horizon@traders.com,Gaming
Carpenter PLC,V-710,ROG-9527,M-4642,103783,65,7,0.8,4.1,326,0.89,carpenter@distributors.com,Business
Elite Vendors,V-650,MacBook-9209,M-7605,148551,28,2,0.87,3.6,383,0.89,elite@suppliers.com,Student
Taylor-Myers,V-473,Inspiron-4435,M-4491,105458,13,6,0.91,4.6,412,0.81,taylor-myers@distributors.com,Office
Zenith Suppliers,V-164,Inspiron-5776,M-8892,89851,27,7,0.89,3.8,245,0.84,zenith@supplies.com,Student
Horizon Supplies,V-474,ROG-3283,M-5023,59461,18,4,0.85,3.8,387,0.86,horizon@suppliers.com,Office
NovaTech Systems,V-663,Inspiron-9765,M-5163,86015,77,4,0.9,3.6,245,0.79,novatech@traders.com,Business
Orion Technologies,V-174,Inspiron-5194,M-5768,80078,45,2,0.92,3.6,289,0.8,orion@suppliers.com,Developer
Taylor-Myers,V-204,Inspiron-8004,M-8046,58796,13,2,0.95,3.7,476,0.86,taylor-myers@vendor.com,Developer
Carpenter PLC,V-440,ROG-2608,M-8957,132363,38,4,0.85,3.8,391,0.89,carpenter@traders.com,Gaming
Elite Vendors,V-429,ThinkPad-4715,M-4736,61861,13,7,0.89,4.8,349,0.87,elite@vendor.com,Business
BrightTech Supplies,V-462,ROG-9230,M-8463,83767,72,2,0.88,4.9,449,0.84,brighttech@supplies.com,Office
Carpenter PLC,V-753,ROG-7419,M-4087,53646,12,2,0.86,4.5,210,0.79,carpenter@systems.com,Student
Galaxy Traders,V-991,Pavilion-6281,M-2344,141150,55,4,0.94,4.6,363,0.81,galaxy@retailers.com,Business
Taylor-Myers,V-295,ThinkPad-6278,M-5362,131993,63,4,0.87,3.6,271,0.83,taylor-myers@suppliers.com,Developer
Horizon Supplies,V-837,Pavilion-1885,M-4812,103351,52,5,0.84,4.6,346,0.87,horizon@retailers.com,Office
Starline Distributors,V-711,ThinkPad-8406,M-9867,126365,55,5,0.81,4.6,287,0.79,starline@distributors.com,Developer
Apex Retailers,V-486,ThinkPad-4852,M-2759,139784,32,6,0.85,3.5,384,0.79,apex@vendor.com,Student
Orion Technologies,V-753,MacBook-3551,M-3872,88869,76,4,0.89,4.5,436,0.78,orion@retailers.com,Student
Starline Distributors,V-370,ROG-7755,M-2558,129159,33,5,0.88,3.9,397,0.83,starline@systems.com,Business
Carpenter PLC,V-813,ROG-5307,M-5310,68199,93,4,0.91,4.4,423,0.85,carpenter@suppliers.com,Developer
Starline Distributors,V-311,Inspiron-4911,M-3379,73511,27,7,0.84,4.6,387,0.87,starline@distributors.com,Student
Apex Retailers,V-537,Pavilion-2011,M-4925,145073,64,4,0.85,3.5,411,0.87,apex@systems.com,Developer
Zenith Suppliers,V-705,ROG-7723,M-9320,54035,28,2,0.94,4,383,0.8,zenith@retailers.com,Gaming
Taylor-Myers,V-327,ROG-6188,M-1373,62863,84,7,0.82,3.9,256,0.86,taylor-myers@suppliers.com,Gaming
Taylor-Myers,V-298,Pavilion-5952,M-6110,137141,96,7,0.88,4.2,465,0.79,taylor-myers@retailers.com,Office
Starline Distributors,V-471,Inspiron-7459,M-1918,100583,91,7,0.8,3.7,452,0.81,starline@vendor.com,Business
Horizon Supplies,V-627,ROG-3683,M-9616,101955,79,5,0.82,4,341,0.84,horizon@supplies.com,Developer
Horizon Supplies,V-615,Pavilion-6172,M-4878,144984,95,2,0.88,3.9,500,0.86,horizon@traders.com,Student
Starline Distributors,V-595,Pavilion-5933,M-4168,66296,74,7,0.89,4.5,245,0.88,starline@retailers.com,Developer
Zenith Suppliers,V-163,Pavilion-6588,M-7002,56828,24,7,0.91,3.9,427,0.83,zenith@vendor.com,Student
NovaTech Systems,V-928,Inspiron-6809,M-9325,118444,75,6,0.85,3.6,201,0.85,novatech@distributors.com,Student
BrightTech Supplies,V-484,Inspiron-4404,M-6218,90827,79,7,0.83,4.5,410,0.84,brighttech@suppliers.com,Office
Zenith Suppliers,V-630,Pavilion-4988,M-5516,143556,54,6,0.89,3.8,425,0.86,zenith@vendor.com,Office
Elite Vendors,V-168,ROG-3787,M-5480,101372,39,3,0.93,4.7,440,0.83,elite@retailers.com,Office
Orion Technologies,V-789,MacBook-2446,M-6128,87241,45,4,0.93,4.6,272,0.88,orion@vendor.com,Office
Carpenter PLC,V-738,Inspiron-5510,M-8224,106536,85,5,0.84,4.9,313,0.82,carpenter@retailers.com,Gaming
NovaTech Systems,V-761,Inspiron-1425,M-9684,82651,37,2,0.81,3.6,225,0.83,novatech@supplies.com,Gaming
BrightTech Supplies,V-709,Inspiron-8104,M-1282,142326,54,3,0.95,3.6,420,0.82,brighttech@vendor.com,Office
BrightTech Supplies,V-852,ThinkPad-3122,M-9806,140449,37,3,0.87,3.9,452,0.9,brighttech@systems.com,Office
Orion Technologies,V-707,Pavilion-1557,M-4395,124832,18,4,0.94,4.7,349,0.85,orion@systems.com,Student
NovaTech Systems,V-601,Inspiron-8508,M-3365,141129,34,7,0.95,4,345,0.86,novatech@retailers.com,Developer
BrightTech Supplies,V-461,Inspiron-6224,M-8523,128333,69,7,0.91,4.3,319,0.87,brighttech@suppliers.com,Office
Zenith Suppliers,V-212,ROG-7877,M-3478,87522,83,4,0.87,4.7,411,0.89,zenith@systems.com,Student
NovaTech Systems,V-218,Inspiron-7169,M-4022,107798,85,7,0.81,3.9,205,0.84,novatech@supplies.com,Developer
Elite Vendors,V-765,ThinkPad-1200,M-1514,134927,26,7,0.85,4.3,205,0.82,elite@distributors.com,Student
BrightTech Supplies,V-816,Pavilion-5357,M-1674,69413,33,7,0.8,4.6,372,0.83,brighttech@supplies.com,Developer
Apex Retailers,V-166,ThinkPad-9987,M-2666,70722,73,2,0.82,3.8,301,0.81,apex@suppliers.com,Gaming
Orion Technologies,V-696,ThinkPad-9883,M-7325,116361,12,5,0.91,3.6,468,0.82,orion@retailers.com,Developer
Zenith Suppliers,V-439,Inspiron-6937,M-5164,116860,44,3,0.82,3.7,443,0.8,zenith@suppliers.com,Business
Horizon Supplies,V-947,ThinkPad-2137,M-3297,90870,31,3,0.87,4.8,424,0.79,horizon@suppliers.com,Office
Elite Vendors,V-802,MacBook-1242,M-1043,69091,69,7,0.91,4.1,236,0.86,elite@traders.com,Office
Orion Technologies,V-228,MacBook-4733,M-8364,50546,55,4,0.83,4.4,233,0.86,orion@systems.com,Developer
Galaxy Traders,V-910,ThinkPad-5409,M-2670,51266,92,3,0.92,4.2,283,0.85,galaxy@supplies.com,Office
Carpenter PLC,V-744,ROG-3215,M-8194,107905,71,6,0.83,4.5,438,0.79,carpenter@vendor.com,Office
BrightTech Supplies,V-568,MacBook-4211,M-7462,107876,66,2,0.93,4.4,439,0.84,brighttech@suppliers.com,Developer
Carpenter PLC,V-907,ROG-9950,M-7459,83134,63,7,0.82,4.7,293,0.87,carpenter@supplies.com,Student
Galaxy Traders,V-812,ROG-2925,M-1331,143738,32,7,0.91,4.5,473,0.83,galaxy@distributors.com,Gaming
NovaTech Systems,V-907,ROG-7530,M-4033,101649,26,7,0.86,3.8,439,0.89,novatech@vendor.com,Student
Taylor-Myers,V-926,Pavilion-8895,M-5584,94677,50,7,0.86,4.3,270,0.85,taylor-myers@suppliers.com,Developer
Carpenter PLC,V-516,ThinkPad-7109,M-1426,64586,53,5,0.9,3.7,383,0.87,carpenter@supplies.com,Business
Zenith Suppliers,V-220,ThinkPad-2169,M-2909,138614,17,4,0.94,3.9,465,0.83,zenith@vendor.com,Developer
Galaxy Traders,V-995,MacBook-8134,M-8685,66530,13,6,0.92,3.7,302,0.81,galaxy@traders.com,Student
BrightTech Supplies,V-527,MacBook-7210,M-4384,126632,47,3,0.91,3.5,455,0.84,brighttech@supplies.com,Gaming
Galaxy Traders,V-112,Pavilion-1117,M-9273,95267,47,7,0.89,4.8,465,0.84,galaxy@traders.com,Gaming
NovaTech Systems,V-976,MacBook-3143,M-4494,136750,14,5,0.92,4.3,239,0.86,novatech@supplies.com,Developer
Zenith Suppliers,V-749,ROG-6826,M-9809,85122,75,6,0.83,4.5,285,0.9,zenith@traders.com,Gaming
Galaxy Traders,V-321,MacBook-4172,M-4174,73389,70,6,0.82,4.1,317,0.83,galaxy@vendor.com,Gaming
Galaxy Traders,V-322,Inspiron-2232,M-5226,83842,59,4,0.82,3.9,464,0.87,galaxy@distributors.com,Office
Apex Retailers,V-714,MacBook-5974,M-2413,98554,53,7,0.81,4.5,305,0.85,apex@distributors.com,Gaming
Galaxy Traders,V-414,Inspiron-8001,M-9932,118903,17,4,0.9,4.6,333,0.81,galaxy@distributors.com,Business
BrightTech Supplies,V-156,Inspiron-6450,M-1825,83372,72,2,0.94,4.1,364,0.81,brighttech@suppliers.com,Developer
Orion Technologies,V-730,ROG-6475,M-9741,84515,31,2,0.93,4.7,286,0.79,orion@systems.com,Gaming
Carpenter PLC,V-906,Pavilion-6181,M-8525,116546,18,7,0.8,4.4,212,0.86,carpenter@supplies.com,Office
Horizon Supplies,V-834,MacBook-4365,M-5176,69298,46,5,0.84,4.8,287,0.88,horizon@retailers.com,Student
Apex Retailers,V-347,ThinkPad-8923,M-7925,81380,65,5,0.9,4.7,462,0.78,apex@systems.com,Student
Orion Technologies,V-118,ThinkPad-8885,M-4229,53681,14,7,0.86,4.2,208,0.85,orion@retailers.com,Student
Zenith Suppliers,V-281,Inspiron-1509,M-7309,88930,18,6,0.94,4.3,402,0.82,zenith@systems.com,Student
Zenith Suppliers,V-477,ROG-7836,M-6777,94917,100,2,0.83,3.9,256,0.87,zenith@distributors.com,Office
Taylor-Myers,V-311,Pavilion-1431,M-7982,149654,37,3,0.87,4.2,302,0.83,taylor-myers@suppliers.com,Office
Elite Vendors,V-247,Inspiron-6042,M-1501,122085,84,5,0.85,3.8,329,0.82,elite@retailers.com,Developer
Galaxy Traders,V-264,MacBook-8553,M-9016,51242,52,6,0.82,4.6,260,0.84,galaxy@distributors.com,Gaming
BrightTech Supplies,V-166,Inspiron-2082,M-5834,60613,42,3,0.91,3.8,271,0.8,brighttech@supplies.com,Student
Carpenter PLC,V-201,Inspiron-1245,M-7215,104138,37,7,0.95,4.2,284,0.89,carpenter@supplies.com,Developer
Starline Distributors,V-793,ROG-6229,M-7146,61011,68,3,0.82,4.6,271,0.87,starline@retailers.com,Student
Horizon Supplies,V-801,ROG-4114,M-3632,95085,18,6,0.86,3.9,352,0.87,horizon@supplies.com,Gaming
Starline Distributors,V-642,Pavilion-3337,M-2211,89128,84,2,0.82,4.4,356,0.82,starline@systems.com,Office
Zenith Suppliers,V-812,Pavilion-2031,M-3223,110928,51,6,0.91,4.6,351,0.84,zenith@systems.com,Student
Starline Distributors,V-475,ThinkPad-6998,M-4057,61748,70,5,0.89,3.7,264,0.89,starline@systems.com,Business
Galaxy Traders,V-373,MacBook-6429,M-2672,53301,80,7,0.91,4,437,0.81,galaxy@retailers.com,Business
Zenith Suppliers,V-327,MacBook-1073,M-7244,134733,99,7,0.92,4.4,342,0.79,zenith@vendor.com,Student
BrightTech Supplies,V-416,Pavilion-8129,M-4709,117345,64,6,0.89,4.8,346,0.8,brighttech@vendor.com,Office
NovaTech Systems,V-992,Pavilion-3905,M-2814,124919,12,2,0.91,4.8,442,0.89,novatech@traders.com,Gaming
BrightTech Supplies,V-479,Pavilion-4313,M-4664,61104,99,5,0.9,4.5,358,0.87,brighttech@retailers.com,Gaming
Taylor-Myers,V-224,Pavilion-8825,M-1518,112551,75,2,0.89,4.1,288,0.88,taylor-myers@distributors.com,Office
Horizon Supplies,V-861,ThinkPad-2175,M-5740,126165,90,7,0.9,4.8,420,0.79,horizon@supplies.com,Developer
Starline Distributors,V-112,MacBook-5888,M-5990,143348,42,6,0.83,4,369,0.87,starline@retailers.com,Gaming
Galaxy Traders,V-816,ThinkPad-8546,M-6336,130603,84,7,0.87,4.3,343,0.87,galaxy@retailers.com,Office
Carpenter PLC,V-526,ROG-3023,M-9866,96825,60,7,0.93,3.9,402,0.87,carpenter@supplies.com,Student
Galaxy Traders,V-593,ThinkPad-7674,M-1969,97207,62,6,0.95,4.9,290,0.88,galaxy@distributors.com,Gaming
Taylor-Myers,V-890,MacBook-9316,M-6746,130546,44,2,0.87,3.6,445,0.86,taylor-myers@retailers.com,Gaming
BrightTech Supplies,V-753,ROG-7405,M-6712,104446,44,7,0.89,4.1,305,0.89,brighttech@retailers.com,Office
Starline Distributors,V-922,Inspiron-9846,M-7187,121362,33,4,0.81,4.9,223,0.79,starline@vendor.com,Developer
Apex Retailers,V-919,MacBook-5377,M-4162,93840,28,7,0.8,4.8,278,0.8,apex@traders.com,Office
Apex Retailers,V-713,ThinkPad-6557,M-7290,124485,50,4,0.92,3.9,469,0.88,apex@systems.com,Developer
Zenith Suppliers,V-423,ROG-7479,M-4565,125931,31,5,0.84,4.5,270,0.87,zenith@traders.com,Gaming
Elite Vendors,V-408,Pavilion-5392,M-9620,128183,91,4,0.8,4.4,265,0.87,elite@distributors.com,Office
Elite Vendors,V-658,ROG-2159,M-4227,120116,46,5,0.88,4.1,466,0.82,elite@suppliers.com,Office
Starline Distributors,V-828,ThinkPad-3696,M-7312,123936,83,5,0.94,4.7,474,0.79,starline@vendor.com,Developer
Taylor-Myers,V-880,ThinkPad-5763,M-8095,124705,59,5,0.84,4.5,388,0.85,taylor-myers@distributors.com,Business
Galaxy Traders,V-755,ThinkPad-8446,M-6455,114949,79,7,0.9,3.7,446,0.81,galaxy@distributors.com,Developer
Apex Retailers,V-127,Inspiron-9097,M-1413,112534,81,6,0.91,3.6,373,0.81,apex@vendor.com,Gaming
Carpenter PLC,V-109,Pavilion-6310,M-3660,91172,36,6,0.85,4.3,297,0.78,carpenter@systems.com,Developer
Carpenter PLC,V-132,ThinkPad-3539,M-3138,110583,43,2,0.9,4,393,0.86,carpenter@vendor.com,Gaming
BrightTech Supplies,V-363,Inspiron-9448,M-6100,145414,72,6,0.86,4,494,0.82,brighttech@systems.com,Office
BrightTech Supplies,V-175,Inspiron-4807,M-4838,139463,17,7,0.82,3.9,408,0.89,brighttech@retailers.com,Business
BrightTech Supplies,V-330,Inspiron-4773,M-4211,118897,50,5,0.88,4.9,314,0.79,brighttech@distributors.com,Gaming
Galaxy Traders,V-950,ROG-6389,M-8257,97423,39,6,0.9,4.7,263,0.89,galaxy@retailers.com,Student
Galaxy Traders,V-287,Inspiron-4674,M-5437,94278,65,7,0.9,4.7,328,0.87,galaxy@supplies.com,Business
Carpenter PLC,V-721,ROG-7639,M-7175,89817,89,5,0.82,4.1,416,0.88,carpenter@supplies.com,Developer
BrightTech Supplies,V-155,ThinkPad-1759,M-8408,51498,51,5,0.86,4.2,487,0.82,brighttech@traders.com,Business
